"Status","Start Time","Stop Time","Duration in ms","Parent Suite","Suite","Sub Suite","Test Class","Test Method","Name","Description"
"passed","Thu Oct 08 01:12:32 UTC 2026","Thu Oct 08 01:12:32 UTC 2026","8","Surefire suite","Surefire test","tests.management.UserManagementTests","tests.management.UserManagementTests","logout","logout",""
"passed","Thu Oct 08 01:12:32 UTC 2026","Thu Oct 08 01:12:32 UTC 2026","42","Surefire suite","Surefire test","tests.user.UserAuthTests","tests.user.UserAuthTests","getUser","getUser",""
"passed","Thu Oct 08 01:12:32 UTC 2026","Thu Oct 08 01:12:32 UTC 2026","24","Surefire suite","Surefire test","tests.user.UserAuthTests","tests.user.UserAuthTests","updateUser","updateUser",""
"passed","Thu Oct 08 01:12:32 UTC 2026","Thu Oct 08 01:12:32 UTC 2026","8","Surefire suite","Surefire test","tests.management.UserManagementTests","tests.management.UserManagementTests","deleteUser","deleteUser",""
"passed","Thu Oct 08 01:12:32 UTC 2026","Thu Oct 08 01:12:32 UTC 2026","14","Surefire suite","Surefire test","tests.management.UserManagementTests","tests.management.UserManagementTests","activateUser","activateUser",""
"passed","Thu Oct 08 01:12:32 UTC 2026","Thu Oct 08 01:12:32 UTC 2026","8","Surefire suite","Surefire test","tests.management.UserManagementTests","tests.management.UserManagementTests","countUsers","countUsers",""
"passed","Thu Oct 08 01:12:32 UTC 2026","Thu Oct 08 01:12:32 UTC 2026","50","Surefire suite","Surefire test","tests.user.UserAuthTests","tests.user.UserAuthTests","loginUser","loginUser",""
"passed","Thu Oct 08 01:12:32 UTC 2026","Thu Oct 08 01:12:32 UTC 2026","10","Surefire suite","Surefire test","tests.management.UserManagementTests","tests.management.UserManagementTests","blockUser","blockUser",""
"passed","Thu Oct 08 01:12:30 UTC 2026","Thu Oct 08 01:12:32 UTC 2026","1721","Surefire suite","Surefire test","tests.user.UserAuthTests","tests.user.UserAuthTests","registerUser","registerUser",""
"passed","Thu Oct 08 01:12:32 UTC 2026","Thu Oct 08 01:12:32 UTC 2026","19","Surefire suite","Surefire test","tests.user.UserAuthTests","tests.user.UserAuthTests","searchUser","searchUser",""
